,timestamp,lp
2023-07-11 10:02:01.765182,,625.0
2023-07-11 10:02:02.542038,,624.95
2023-07-11 10:02:04.539662,,625.0
2023-07-11 10:02:05.538325,,625.2
2023-07-11 10:02:08.542502,,625.15
2023-07-11 10:02:09.764927,,625.0
2023-07-11 10:02:10.559703,,625.15
2023-07-11 10:02:13.171294,,625.0
2023-07-11 10:02:14.541201,,624.8
2023-07-11 10:02:16.551715,,625.2
2023-07-11 10:02:17.772065,,625.3
2023-07-11 10:02:18.540986,,625.0
2023-07-11 10:02:19.541463,,625.1
2023-07-11 10:02:20.173441,,624.85
2023-07-11 10:02:22.542286,,624.8
2023-07-11 10:02:23.549663,,625.05
2023-07-11 10:02:24.546046,,624.95
2023-07-11 10:02:25.547305,,624.8
2023-07-11 10:02:27.544069,,625.0
2023-07-11 10:02:27.798910,,624.9
2023-07-11 10:02:28.545451,,624.75
2023-07-11 10:02:28.776529,,625.0
2023-07-11 10:02:29.593546,,624.8
2023-07-11 10:02:30.554205,,625.05
2023-07-11 10:02:31.549392,,624.75
2023-07-11 10:02:32.174005,,625.05
2023-07-11 10:02:33.540984,,625.15
2023-07-11 10:02:34.543361,,624.8
2023-07-11 10:02:35.546742,,625.0
2023-07-11 10:02:38.541886,,624.8
2023-07-11 10:02:39.559257,,625.0
2023-07-11 10:02:43.820716,,624.85
2023-07-11 10:02:45.553643,,625.0
2023-07-11 10:02:46.547029,,624.95
2023-07-11 10:02:47.187631,,624.85
2023-07-11 10:02:47.546410,,625.0
2023-07-11 10:02:48.378895,,624.85
2023-07-11 10:02:50.551551,,625.05
2023-07-11 10:02:51.547600,,625.0
2023-07-11 10:02:51.779984,,624.85
2023-07-11 10:02:52.783242,,625.05
2023-07-11 10:02:53.548377,,624.85
2023-07-11 10:02:54.782922,,624.8
2023-07-11 10:02:56.558194,,624.85
2023-07-11 10:02:56.781318,,625.0
2023-07-11 10:02:57.552221,,624.95
2023-07-11 10:02:58.545950,,624.9
2023-07-11 10:02:59.549462,,624.95
2023-07-11 10:03:00.546260,,625.0
2023-07-11 10:03:02.186244,,624.75
2023-07-11 10:03:02.429094,,624.7
2023-07-11 10:03:02.550017,,624.75
2023-07-11 10:03:03.385500,,624.8
2023-07-11 10:03:04.559774,,624.7
2023-07-11 10:03:07.556918,,624.6
2023-07-11 10:03:07.987652,,624.65
2023-07-11 10:03:08.557299,,624.75
2023-07-11 10:03:08.992030,,624.8
2023-07-11 10:03:09.550684,,624.6
2023-07-11 10:03:10.387165,,624.75
2023-07-11 10:03:10.559061,,624.7
2023-07-11 10:03:12.562715,,624.75
2023-07-11 10:03:13.550977,,624.7
2023-07-11 10:03:14.019686,,624.75
2023-07-11 10:03:14.554355,,624.8
2023-07-11 10:03:15.231937,,624.85
2023-07-11 10:03:16.190342,,624.9
2023-07-11 10:03:16.557117,,624.7
2023-07-11 10:03:17.563278,,624.8
2023-07-11 10:03:18.551749,,624.75
2023-07-11 10:03:21.990395,,624.9
2023-07-11 10:03:22.552048,,624.75
2023-07-11 10:03:23.557424,,624.9
2023-07-11 10:03:24.193719,,624.95
2023-07-11 10:03:24.400613,,624.9
2023-07-11 10:03:24.558516,,624.75
2023-07-11 10:03:25.593871,,624.85
2023-07-11 10:03:27.555714,,624.75
2023-07-11 10:03:27.793565,,624.85
2023-07-11 10:03:28.554490,,624.7
2023-07-11 10:03:30.997199,,624.6
2023-07-11 10:03:32.402176,,624.55
2023-07-11 10:03:32.572070,,624.6
2023-07-11 10:03:34.800795,,624.75
2023-07-11 10:03:35.555589,,624.8
2023-07-11 10:03:36.000312,,624.5
2023-07-11 10:03:36.562803,,624.65
2023-07-11 10:03:37.198217,,624.7
2023-07-11 10:03:38.198599,,624.65
2023-07-11 10:03:38.403065,,624.7
2023-07-11 10:03:38.568964,,624.5
2023-07-11 10:03:40.557719,,624.45
2023-07-11 10:03:42.563763,,624.7
2023-07-11 10:03:43.562233,,624.45
2023-07-11 10:03:45.308205,,624.7
2023-07-11 10:03:46.069135,,624.5
2023-07-11 10:03:49.559099,,624.4
2023-07-11 10:03:49.808944,,624.5
2023-07-11 10:03:52.561503,,624.6
2023-07-11 10:03:53.566262,,624.5
2023-07-11 10:03:53.818107,,624.45
2023-07-11 10:03:54.562689,,624.5
2023-07-11 10:03:54.806246,,624.4
2023-07-11 10:03:55.806664,,624.5
2023-07-11 10:03:56.806560,,624.4
2023-07-11 10:03:57.567876,,624.5
2023-07-11 10:03:58.005604,,624.4
2023-07-11 10:03:58.564260,,624.55
2023-07-11 10:03:59.562849,,624.4
2023-07-11 10:04:00.563228,,624.5
2023-07-11 10:04:02.018326,,624.4
2023-07-11 10:04:02.566990,,624.5
2023-07-11 10:04:03.427511,,624.4
2023-07-11 10:04:05.416870,,624.55
2023-07-11 10:04:05.568776,,624.5
2023-07-11 10:04:06.413445,,624.4
2023-07-11 10:04:06.563145,,624.55
2023-07-11 10:04:07.416618,,624.4
2023-07-11 10:04:07.566280,,624.55
2023-07-11 10:04:08.564985,,624.4
2023-07-11 10:04:09.565269,,624.3
2023-07-11 10:04:10.570401,,624.35
2023-07-11 10:04:11.566538,,623.7
2023-07-11 10:04:12.567918,,623.9
2023-07-11 10:04:13.579349,,624.0
2023-07-11 10:04:13.613328,,623.95
2023-07-11 10:04:14.573452,,624.2
2023-07-11 10:04:17.569021,,623.95
2023-07-11 10:04:18.029737,,623.9
2023-07-11 10:04:19.015125,,623.85
2023-07-11 10:04:20.018323,,624.0
2023-07-11 10:04:20.566292,,623.95
2023-07-11 10:04:21.567058,,623.85
2023-07-11 10:04:22.018939,,623.95
2023-07-11 10:04:22.568674,,623.85
2023-07-11 10:04:24.424224,,623.9
2023-07-11 10:04:25.568299,,624.0
2023-07-11 10:04:26.569723,,623.75
2023-07-11 10:04:27.428284,,623.8
2023-07-11 10:04:28.573082,,623.9
2023-07-11 10:04:30.573314,,623.95
2023-07-11 10:04:30.831991,,624.0
2023-07-11 10:04:31.580524,,623.95
2023-07-11 10:04:32.572143,,624.0
2023-07-11 10:04:33.612079,,623.95
2023-07-11 10:04:34.429320,,624.0
2023-07-11 10:04:39.438687,,623.95
2023-07-11 10:04:40.428072,,624.0
2023-07-11 10:04:41.570366,,623.95
2023-07-11 10:04:42.577861,,624.0
2023-07-11 10:04:43.570246,,623.95
2023-07-11 10:04:45.436545,,623.9
2023-07-11 10:04:46.632473,,624.0
2023-07-11 10:04:47.575562,,623.95
2023-07-11 10:04:48.574945,,623.9
2023-07-11 10:04:49.442530,,623.95
2023-07-11 10:04:51.581496,,623.9
2023-07-11 10:04:51.641459,,623.95
2023-07-11 10:04:52.836075,,623.9
2023-07-11 10:04:54.433702,,623.95
2023-07-11 10:04:54.593603,,623.9
2023-07-11 10:04:57.579128,,623.95
2023-07-11 10:04:59.575793,,623.9
2023-07-11 10:05:00.576632,,623.95
2023-07-11 10:05:02.586387,,624.0
2023-07-11 10:05:03.580772,,623.9
2023-07-11 10:05:04.577156,,623.85
2023-07-11 10:05:04.860980,,623.9
2023-07-11 10:05:05.577535,,623.85
2023-07-11 10:05:07.579296,,623.9
2023-07-11 10:05:09.037394,,623.8
2023-07-11 10:05:09.580058,,623.9
2023-07-11 10:05:10.240684,,623.85
2023-07-11 10:05:10.440559,,623.8
2023-07-11 10:05:11.456929,,623.85
2023-07-11 10:05:11.578853,,623.8
2023-07-11 10:05:12.446798,,623.85
2023-07-11 10:05:13.438314,,623.8
2023-07-11 10:05:13.579228,,623.85
2023-07-11 10:05:18.845377,,623.9
2023-07-11 10:05:19.848161,,623.85
2023-07-11 10:05:20.585262,,624.0
2023-07-11 10:05:22.586039,,623.85
2023-07-11 10:05:23.051216,,624.0
2023-07-11 10:05:23.580820,,623.85
2023-07-11 10:05:24.580414,,623.9
2023-07-11 10:05:25.046127,,624.0
2023-07-11 10:05:27.063220,,623.9
2023-07-11 10:05:27.582285,,624.0
2023-07-11 10:05:28.583072,,623.9
2023-07-11 10:05:29.052665,,624.0
2023-07-11 10:05:29.584333,,623.95
2023-07-11 10:05:30.586714,,624.0
2023-07-11 10:05:31.472851,,623.95
2023-07-11 10:05:32.589815,,624.0
2023-07-11 10:05:35.339640,,623.95
2023-07-11 10:05:35.614472,,624.0
2023-07-11 10:05:36.453652,,623.95
2023-07-11 10:05:37.583949,,624.0
2023-07-11 10:05:42.454267,,624.2
2023-07-11 10:05:43.455646,,624.35
2023-07-11 10:05:45.587329,,624.1
2023-07-11 10:05:46.589706,,624.3
2023-07-11 10:05:47.057418,,624.25
2023-07-11 10:05:47.585090,,624.2
2023-07-11 10:05:48.056798,,624.3
2023-07-11 10:05:49.067173,,624.35
2023-07-11 10:05:49.460927,,624.2
2023-07-11 10:05:50.465716,,624.4
2023-07-11 10:05:51.454104,,624.45
2023-07-11 10:05:51.587021,,624.2
2023-07-11 10:05:52.588402,,624.4
2023-07-11 10:05:53.585843,,624.3
2023-07-11 10:05:54.591223,,624.45
2023-07-11 10:05:57.608355,,624.4
2023-07-11 10:06:00.590509,,624.35
2023-07-11 10:06:00.864342,,624.4
2023-07-11 10:06:02.838119,,624.35
2023-07-11 10:06:04.067359,,624.4
2023-07-11 10:06:05.276607,,624.35
2023-07-11 10:06:06.475866,,624.5
2023-07-11 10:06:07.462256,,624.4
2023-07-11 10:06:08.464149,,624.5
2023-07-11 10:06:11.593190,,624.4
2023-07-11 10:06:12.592417,,624.5
2023-07-11 10:06:14.591303,,624.4
2023-07-11 10:06:15.593679,,624.5
2023-07-11 10:06:16.078382,,624.45
2023-07-11 10:06:16.469141,,624.4
2023-07-11 10:06:17.484511,,624.5
2023-07-11 10:06:17.598439,,624.45
2023-07-11 10:06:18.486891,,624.5
2023-07-11 10:06:28.074029,,624.45
2023-07-11 10:06:28.597704,,624.5
2023-07-11 10:06:33.597610,,624.45
2023-07-11 10:06:33.684556,,624.5
2023-07-11 10:06:35.898186,,624.45
2023-07-11 10:06:36.598750,,624.5
2023-07-11 10:06:38.599514,,624.45
2023-07-11 10:06:40.598276,,624.5
2023-07-11 10:06:47.492011,,624.45
2023-07-11 10:06:47.598941,,624.5
2023-07-11 10:06:50.480160,,624.45
2023-07-11 10:06:50.603083,,624.5
2023-07-11 10:06:53.600229,,624.45
2023-07-11 10:06:54.491343,,624.5
2023-07-11 10:06:56.601987,,624.45
2023-07-11 10:06:57.606363,,624.5
2023-07-11 10:06:58.894567,,624.45
2023-07-11 10:06:59.603128,,624.5
2023-07-11 10:06:59.892950,,624.45
2023-07-11 10:07:00.899328,,624.5
2023-07-11 10:07:01.888714,,624.45
2023-07-11 10:07:03.091970,,624.5
2023-07-11 10:07:06.089115,,624.45
2023-07-11 10:07:07.606175,,624.5
2023-07-11 10:07:08.099869,,624.55
2023-07-11 10:07:09.606937,,624.5
2023-07-11 10:07:10.610314,,624.55
2023-07-11 10:07:11.606698,,624.5
2023-07-11 10:07:12.608079,,624.55
2023-07-11 10:07:13.606707,,624.5
2023-07-11 10:07:13.888534,,624.55
2023-07-11 10:07:16.614339,,624.5
2023-07-11 10:07:17.612822,,624.55
2023-07-11 10:07:19.106767,,624.5
2023-07-11 10:07:22.609775,,624.45
2023-07-11 10:07:25.611834,,624.5
2023-07-11 10:07:28.617334,,624.45
2023-07-11 10:07:29.490794,,624.5
2023-07-11 10:07:31.861319,,624.45
2023-07-11 10:07:32.615849,,624.5
2023-07-11 10:07:33.612353,,624.45
2023-07-11 10:07:34.611436,,624.5
2023-07-11 10:07:37.613195,,624.45
2023-07-11 10:07:38.611582,,624.5
2023-07-11 10:07:39.616829,,624.45
2023-07-11 10:07:41.611325,,624.5
2023-07-11 10:07:44.615758,,624.45
2023-07-11 10:07:45.610608,,624.5
2023-07-11 10:07:48.303740,,624.45
2023-07-11 10:07:48.635535,,624.5
2023-07-11 10:07:50.114932,,624.45
2023-07-11 10:07:50.612622,,624.5
2023-07-11 10:07:53.104275,,624.45
2023-07-11 10:07:53.615959,,624.5
2023-07-11 10:07:56.614045,,624.45
2023-07-11 10:07:57.619298,,624.5
2023-07-11 10:08:02.518454,,624.45
2023-07-11 10:08:02.615398,,624.5
2023-07-11 10:08:08.618252,,624.45
2023-07-11 10:08:10.622515,,624.5
2023-07-11 10:08:13.621267,,624.45
2023-07-11 10:08:14.622972,,624.5
2023-07-11 10:08:16.624978,,624.45
2023-07-11 10:08:17.625358,,624.5
2023-07-11 10:08:18.620610,,624.45
2023-07-11 10:08:19.117475,,624.5
2023-07-11 10:08:20.117856,,624.45
2023-07-11 10:08:21.119583,,624.5
2023-07-11 10:08:21.623176,,624.45
2023-07-11 10:08:22.117413,,624.5
2023-07-11 10:08:24.622865,,624.45
2023-07-11 10:08:25.620922,,624.5
2023-07-11 10:08:27.118644,,624.45
2023-07-11 10:08:27.622441,,624.5
2023-07-11 10:08:28.624619,,624.45
2023-07-11 10:08:29.626724,,624.5
2023-07-11 10:08:34.625854,,624.45
2023-07-11 10:08:35.129543,,624.5
2023-07-11 10:08:35.626235,,624.45
2023-07-11 10:08:36.326906,,624.5
2023-07-11 10:08:38.656029,,624.45
2023-07-11 10:08:40.124286,,624.5
2023-07-11 10:08:43.627826,,624.45
2023-07-11 10:08:44.643931,,624.5
2023-07-11 10:08:45.129628,,624.45
2023-07-11 10:08:45.632318,,624.5
2023-07-11 10:08:48.195235,,624.45
2023-07-11 10:08:49.127421,,624.5
2023-07-11 10:08:57.138738,,624.45
2023-07-11 10:08:57.632570,,624.5
2023-07-11 10:08:58.333134,,624.45
2023-07-11 10:08:58.632616,,624.5
2023-07-11 10:08:59.630145,,624.45
2023-07-11 10:09:01.642942,,624.5
2023-07-11 10:09:03.735646,,624.45
2023-07-11 10:09:04.739023,,624.5
2023-07-11 10:09:06.630855,,624.45
2023-07-11 10:09:07.632233,,624.5
2023-07-11 10:09:08.635613,,624.55
2023-07-11 10:09:08.940423,,624.6
2023-07-11 10:09:09.541052,,624.55
2023-07-11 10:09:09.634994,,624.5
2023-07-11 10:09:11.639753,,624.55
2023-07-11 10:09:11.746687,,624.45
2023-07-11 10:09:12.649128,,624.6
2023-07-11 10:09:16.641656,,624.5
2023-07-11 10:09:17.655030,,624.6
2023-07-11 10:09:18.644417,,624.55
2023-07-11 10:09:19.633803,,624.6
2023-07-11 10:09:21.643561,,624.7
2023-07-11 10:09:23.646730,,624.6
2023-07-11 10:09:23.945572,,624.7
2023-07-11 10:09:24.943585,,624.55
2023-07-11 10:09:26.637909,,624.6
2023-07-11 10:09:27.146422,,624.65
2023-07-11 10:09:27.636120,,624.6
2023-07-11 10:09:28.147868,,624.7
2023-07-11 10:09:29.149652,,624.6
2023-07-11 10:09:29.637395,,624.7
2023-07-11 10:09:31.657465,,624.6
2023-07-11 10:09:32.644615,,624.7
2023-07-11 10:09:35.136602,,624.6
2023-07-11 10:09:35.641923,,624.65
2023-07-11 10:09:38.153063,,624.7
2023-07-11 10:09:39.152111,,624.6
2023-07-11 10:09:40.352240,,624.5
2023-07-11 10:09:40.658051,,624.6
2023-07-11 10:09:42.352749,,624.65
2023-07-11 10:09:42.642572,,624.6
2023-07-11 10:09:43.355759,,624.5
2023-07-11 10:09:44.645425,,624.6
2023-07-11 10:09:45.654734,,624.5
2023-07-11 10:09:46.655672,,624.6
2023-07-11 10:09:47.644627,,624.55
2023-07-11 10:09:48.162709,,624.6
2023-07-11 10:09:51.157030,,624.55
2023-07-11 10:09:51.657943,,624.6
2023-07-11 10:09:52.644930,,624.55
2023-07-11 10:09:53.649309,,624.75
2023-07-11 10:09:54.649318,,624.6
2023-07-11 10:09:56.648933,,624.65
2023-07-11 10:09:57.664358,,624.55
2023-07-11 10:09:58.904264,,624.7
2023-07-11 10:10:00.642988,,624.6
2023-07-11 10:10:01.959173,,624.7
2023-07-11 10:10:02.655897,,624.75
2023-07-11 10:10:04.144833,,624.7
2023-07-11 10:10:05.646739,,624.75
2023-07-11 10:10:07.665662,,624.7
2023-07-11 10:10:09.651806,,624.65
2023-07-11 10:10:10.165689,,624.7
2023-07-11 10:10:11.162714,,624.65
2023-07-11 10:10:11.653884,,624.7
2023-07-11 10:10:12.658753,,624.75
2023-07-11 10:10:14.167292,,624.8
2023-07-11 10:10:15.387863,,624.75
2023-07-11 10:10:16.566818,,624.7
2023-07-11 10:10:17.676078,,624.75
2023-07-11 10:10:20.651886,,624.95
2023-07-11 10:10:22.663553,,624.8
2023-07-11 10:10:25.188750,,624.75
2023-07-11 10:10:26.173032,,624.7
2023-07-11 10:10:26.971229,,624.75
2023-07-11 10:10:27.658805,,624.7
2023-07-11 10:10:27.972156,,624.65
2023-07-11 10:10:28.658849,,624.7
2023-07-11 10:10:29.655823,,624.8
2023-07-11 10:10:29.773753,,624.65
2023-07-11 10:10:30.663110,,624.75
2023-07-11 10:10:31.661724,,624.8
2023-07-11 10:10:32.171758,,624.65
2023-07-11 10:10:33.173512,,624.75
2023-07-11 10:10:33.662211,,624.8
2023-07-11 10:10:37.376800,,624.85
2023-07-11 10:10:37.664623,,624.7
2023-07-11 10:10:38.671001,,624.65
2023-07-11 10:10:40.665225,,624.6
2023-07-11 10:10:41.665602,,624.7
2023-07-11 10:10:43.177634,,624.55
2023-07-11 10:10:43.669373,,624.7
2023-07-11 10:10:44.182713,,624.55
2023-07-11 10:10:44.662507,,624.75
2023-07-11 10:10:45.661334,,624.7
2023-07-11 10:10:46.671153,,624.75
2023-07-11 10:10:46.983013,,624.8
2023-07-11 10:10:47.706293,,624.65
2023-07-11 10:10:48.682121,,624.6
2023-07-11 10:10:49.183809,,624.5
2023-07-11 10:10:49.657517,,624.1
2023-07-11 10:10:50.184193,,624.25
2023-07-11 10:10:50.674197,,624.3
2023-07-11 10:10:51.181395,,624.4
2023-07-11 10:10:51.666097,,624.45
2023-07-11 10:10:51.983901,,624.15
2023-07-11 10:10:52.672763,,624.4
2023-07-11 10:10:55.660625,,624.15
2023-07-11 10:10:55.985247,,624.3
2023-07-11 10:10:57.183081,,624.35
2023-07-11 10:10:57.663787,,624.4
2023-07-11 10:10:58.185460,,624.45
2023-07-11 10:10:58.671496,,624.4
2023-07-11 10:11:00.188789,,624.25
2023-07-11 10:11:01.929712,,624.15
2023-07-11 10:11:03.586686,,624.3
2023-07-11 10:11:04.609053,,624.35
2023-07-11 10:11:08.679532,,624.4
2023-07-11 10:11:12.677860,,624.45
2023-07-11 10:11:16.397955,,624.4
2023-07-11 10:11:16.670118,,624.5
2023-07-11 10:11:17.394048,,624.4
2023-07-11 10:11:17.596925,,624.45
2023-07-11 10:11:18.676109,,624.4
2023-07-11 10:11:20.164643,,624.5
2023-07-11 10:11:20.920958,,624.45
2023-07-11 10:11:22.682986,,624.4
2023-07-11 10:11:23.598418,,624.45
2023-07-11 10:11:24.673560,,624.4
2023-07-11 10:11:25.688766,,624.35
2023-07-11 10:11:26.687874,,624.4
2023-07-11 10:11:34.922927,,624.35
2023-07-11 10:11:35.677222,,624.4
2023-07-11 10:11:36.684748,,624.45
2023-07-11 10:11:38.684794,,624.4
2023-07-11 10:11:39.204472,,624.2
2023-07-11 10:11:39.683175,,624.25
2023-07-11 10:11:40.672587,,624.4
2023-07-11 10:11:43.680815,,624.2
2023-07-11 10:11:43.806735,,624.4
2023-07-11 10:11:44.674083,,624.2
2023-07-11 10:11:46.686537,,624.4
2023-07-11 10:11:47.687918,,624.35
2023-07-11 10:11:49.208395,,624.25
2023-07-11 10:11:49.691342,,624.35
2023-07-11 10:11:51.224094,,624.3
2023-07-11 10:11:54.687812,,624.4
2023-07-11 10:11:56.925519,,624.25
2023-07-11 10:11:57.015461,,624.3
2023-07-11 10:11:57.679756,,624.35
2023-07-11 10:11:58.224416,,624.3
2023-07-11 10:11:58.684594,,624.35
2023-07-11 10:11:59.673420,,624.25
2023-07-11 10:12:00.413961,,624.3
2023-07-11 10:12:00.615837,,624.25
2023-07-11 10:12:01.619216,,624.3
2023-07-11 10:12:04.690060,,624.25
2023-07-11 10:12:05.220731,,624.3
2023-07-11 10:12:06.221688,,624.2
2023-07-11 10:12:07.223366,,624.3
2023-07-11 10:12:08.419012,,624.25
2023-07-11 10:12:08.698891,,624.3
2023-07-11 10:12:14.626835,,624.25
2023-07-11 10:12:15.693070,,624.3
2023-07-11 10:12:27.228260,,624.25
2023-07-11 10:12:27.748938,,624.3
2023-07-11 10:12:28.229642,,624.4
2023-07-11 10:12:29.439899,,624.3
2023-07-11 10:12:30.432796,,624.4
2023-07-11 10:12:31.430178,,624.35
2023-07-11 10:12:31.684021,,624.45
2023-07-11 10:12:32.431231,,624.35
2023-07-11 10:12:32.690075,,624.2
2023-07-11 10:12:33.685681,,624.3
2023-07-11 10:12:35.831019,,624.1
2023-07-11 10:12:36.702987,,624.3
2023-07-11 10:12:45.233398,,624.1
2023-07-11 10:12:45.688116,,624.25
2023-07-11 10:12:47.703307,,624.2
2023-07-11 10:12:48.697956,,624.25
2023-07-11 10:12:49.695078,,624.1
2023-07-11 10:12:50.241417,,624.25
2023-07-11 10:12:52.695693,,624.2
2023-07-11 10:12:52.837602,,624.25
2023-07-11 10:12:55.692582,,624.1
2023-07-11 10:12:57.716666,,624.25
2023-07-11 10:12:59.694440,,624.1
2023-07-11 10:13:00.702938,,624.3
2023-07-11 10:13:01.241604,,624.1
2023-07-11 10:13:01.707317,,624.3
2023-07-11 10:13:02.439862,,624.25
2023-07-11 10:13:03.708077,,624.3
2023-07-11 10:13:04.696467,,624.1
2023-07-11 10:13:05.706840,,624.25
2023-07-11 10:13:06.699227,,624.15
2023-07-11 10:13:08.449144,,624.25
2023-07-11 10:13:09.964205,,624.3
2023-07-11 10:13:11.939984,,624.25
2023-07-11 10:13:13.050296,,624.3
2023-07-11 10:13:13.856588,,624.25
2023-07-11 10:13:15.855506,,624.1
2023-07-11 10:13:18.849102,,624.3
2023-07-11 10:13:19.704831,,624.15
2023-07-11 10:13:20.048740,,624.25
2023-07-11 10:13:22.869837,,624.15
2023-07-11 10:13:23.705324,,624.25
2023-07-11 10:13:24.058106,,624.15
2023-07-11 10:13:25.698786,,624.25
2023-07-11 10:13:27.255657,,624.2
2023-07-11 10:13:28.706471,,624.15
2023-07-11 10:13:28.875368,,624.2
2023-07-11 10:13:30.707887,,624.15
2023-07-11 10:13:32.255928,,624.2
2023-07-11 10:13:33.703147,,624.15
2023-07-11 10:13:34.468674,,624.2
2023-07-11 10:13:34.663552,,624.25
2023-07-11 10:13:35.703046,,624.15
2023-07-11 10:13:36.697873,,624.25
2023-07-11 10:13:37.696008,,624.2
2023-07-11 10:13:38.708226,,624.25
2023-07-11 10:13:39.060001,,624.2
2023-07-11 10:13:40.699415,,624.1
2023-07-11 10:13:42.864936,,624.05
2023-07-11 10:13:43.704513,,624.1
2023-07-11 10:13:44.945853,,624.0
2023-07-11 10:13:45.698387,,624.05
2023-07-11 10:13:47.256422,,624.0
2023-07-11 10:13:48.710585,,623.95
2023-07-11 10:13:49.703971,,624.0
2023-07-11 10:13:53.262293,,623.95
2023-07-11 10:13:53.706016,,624.0
2023-07-11 10:13:54.464411,,623.95
2023-07-11 10:13:54.714257,,624.0
2023-07-11 10:13:55.699647,,623.95
2023-07-11 10:13:56.079210,,624.0
2023-07-11 10:13:57.064877,,624.05
2023-07-11 10:13:57.709481,,624.0
2023-07-11 10:13:58.709862,,624.05
2023-07-11 10:14:00.282299,,624.0
2023-07-11 10:14:01.486551,,624.1
2023-07-11 10:14:02.466947,,624.05
2023-07-11 10:14:03.713660,,624.1
2023-07-11 10:14:04.265320,,624.05
2023-07-11 10:14:04.712042,,624.1
2023-07-11 10:14:06.473330,,624.05
2023-07-11 10:14:06.715803,,624.1
2023-07-11 10:14:09.705103,,624.05
2023-07-11 10:14:10.703485,,624.1
2023-07-11 10:14:12.707963,,624.15
2023-07-11 10:14:16.278673,,624.05
2023-07-11 10:14:16.716401,,624.1
2023-07-11 10:14:17.707789,,624.15
2023-07-11 10:14:18.273760,,624.05
2023-07-11 10:14:19.485512,,624.1
2023-07-11 10:14:20.952858,,624.15
2023-07-11 10:14:21.676312,,624.1
2023-07-11 10:14:23.674117,,624.05
2023-07-11 10:14:24.683492,,624.15
2023-07-11 10:14:28.687873,,624.05
2023-07-11 10:14:29.686842,,624.1
2023-07-11 10:14:30.681613,,624.05
2023-07-11 10:14:33.082348,,624.1
2023-07-11 10:14:33.716041,,624.0
2023-07-11 10:14:35.294607,,623.95
2023-07-11 10:14:36.081125,,624.0
2023-07-11 10:14:37.483916,,623.95
2023-07-11 10:14:37.770264,,624.0
2023-07-11 10:14:38.709683,,623.95
2023-07-11 10:14:39.713061,,624.0
2023-07-11 10:14:40.086831,,623.95
2023-07-11 10:14:41.282726,,624.1
2023-07-11 10:14:43.087610,,624.15
2023-07-11 10:14:43.716220,,624.0
2023-07-11 10:14:44.088991,,624.15
2023-07-11 10:14:45.714619,,624.0
2023-07-11 10:14:47.083481,,624.15
2023-07-11 10:14:47.714092,,624.1
2023-07-11 10:14:49.729717,,624.0
2023-07-11 10:14:50.301364,,624.1
2023-07-11 10:14:50.711108,,624.05
2023-07-11 10:14:51.299743,,624.0
2023-07-11 10:14:51.710490,,624.05
2023-07-11 10:14:53.774212,,623.8
2023-07-11 10:14:54.719832,,624.0
2023-07-11 10:14:55.100643,,623.85
2023-07-11 10:14:56.302506,,624.0
2023-07-11 10:14:57.711886,,623.95
2023-07-11 10:14:58.097647,,624.0
2023-07-11 10:14:59.726706,,623.85
2023-07-11 10:15:00.716091,,623.95
2023-07-11 10:15:01.101855,,624.0
2023-07-11 10:15:02.731845,,623.9
2023-07-11 10:15:03.310487,,624.0
2023-07-11 10:15:05.716996,,623.9
2023-07-11 10:15:06.702387,,624.0
2023-07-11 10:15:09.713522,,623.95
2023-07-11 10:15:10.729893,,624.0
2023-07-11 10:15:10.907782,,623.95
2023-07-11 10:15:11.716282,,624.0
2023-07-11 10:15:13.716473,,623.95
2023-07-11 10:15:15.295900,,624.0
2023-07-11 10:15:16.500370,,623.95
2023-07-11 10:15:17.706553,,624.0
2023-07-11 10:15:21.705193,,623.95
2023-07-11 10:15:22.709967,,624.0
2023-07-11 10:15:23.719627,,623.95
2023-07-11 10:15:24.702089,,624.0
2023-07-11 10:15:25.702475,,623.9
2023-07-11 10:15:26.715134,,624.0
2023-07-11 10:15:28.710322,,623.95
2023-07-11 10:15:31.731167,,623.9
2023-07-11 10:15:32.312805,,623.95
2023-07-11 10:15:35.732281,,623.9
2023-07-11 10:15:35.911170,,623.95
2023-07-11 10:15:39.723118,,623.9
2023-07-11 10:15:40.321251,,623.95
2023-07-11 10:15:41.113709,,623.9
2023-07-11 10:15:42.743701,,623.95
2023-07-11 10:15:43.343989,,623.9
2023-07-11 10:15:45.730514,,623.85
2023-07-11 10:15:46.733896,,623.9
2023-07-11 10:15:50.112536,,623.85
2023-07-11 10:15:50.751140,,623.9
2023-07-11 10:15:51.916283,,623.85
2023-07-11 10:15:52.723785,,623.9
2023-07-11 10:15:53.119538,,623.85
2023-07-11 10:15:53.725163,,623.95
2023-07-11 10:15:56.324506,,624.0
2023-07-11 10:15:57.316890,,623.95
2023-07-11 10:15:57.774608,,624.0
2023-07-11 10:15:58.318270,,623.95
2023-07-11 10:15:59.722404,,624.0
2023-07-11 10:16:00.716786,,623.95
2023-07-11 10:16:01.717166,,624.0
2023-07-11 10:16:02.735536,,623.95
2023-07-11 10:16:03.729034,,624.0
2023-07-11 10:16:06.722477,,623.95
2023-07-11 10:16:07.720861,,624.0
2023-07-11 10:16:09.731388,,623.95
2023-07-11 10:16:10.728769,,624.0
2023-07-11 10:16:15.728773,,623.95
2023-07-11 10:16:16.328944,,624.0
2023-07-11 10:16:19.754950,,623.95
2023-07-11 10:16:21.736806,,624.0
2023-07-11 10:16:23.732170,,623.95
2023-07-11 10:16:25.946799,,624.0
2023-07-11 10:16:26.733007,,624.1
2023-07-11 10:16:27.739384,,624.05
2023-07-11 10:16:30.139724,,624.0
2023-07-11 10:16:30.746185,,624.1
2023-07-11 10:16:31.347810,,624.15
2023-07-11 10:16:31.737256,,624.0
2023-07-11 10:16:32.371996,,624.15
2023-07-11 10:16:32.733770,,624.0
2023-07-11 10:16:33.529225,,624.1
2023-07-11 10:16:33.747091,,624.15
2023-07-11 10:16:34.738477,,624.2
2023-07-11 10:16:35.737490,,624.15
2023-07-11 10:16:37.736593,,624.2
2023-07-11 10:16:37.972449,,624.15
2023-07-11 10:16:38.735972,,624.1
2023-07-11 10:16:39.737538,,624.15
2023-07-11 10:16:40.738652,,624.0
2023-07-11 10:16:41.755232,,624.15
2023-07-11 10:16:42.141993,,623.95
2023-07-11 10:16:42.737442,,624.2
2023-07-11 10:16:45.737060,,624.15
2023-07-11 10:16:46.136812,,624.0
2023-07-11 10:16:46.739439,,624.15
2023-07-11 10:16:47.739699,,624.0
2023-07-11 10:16:49.338708,,624.15
2023-07-11 10:16:50.540200,,624.05
2023-07-11 10:16:55.740969,,624.1
2023-07-11 10:16:55.951638,,624.05
2023-07-11 10:16:57.788791,,624.15
2023-07-11 10:16:57.945693,,624.1
2023-07-11 10:16:58.940075,,624.15
2023-07-11 10:16:59.742369,,624.1
2023-07-11 10:17:00.948624,,624.15
2023-07-11 10:17:01.747130,,624.1
2023-07-11 10:17:03.167253,,624.15
2023-07-11 10:17:03.746893,,624.1
2023-07-11 10:17:05.761644,,624.1
2023-07-11 10:17:06.551156,,624.2
2023-07-11 10:17:06.744041,,624.1
2023-07-11 10:17:07.743419,,624.05
2023-07-11 10:17:09.754175,,624.0
2023-07-11 10:17:10.547682,,624.05
2023-07-11 10:17:10.743562,,624.0
2023-07-11 10:17:11.743942,,624.1
2023-07-11 10:17:12.746324,,624.15
2023-07-11 10:17:14.745084,,624.05
2023-07-11 10:17:15.149835,,624.0
2023-07-11 10:17:15.788441,,624.1
2023-07-11 10:17:16.153214,,624.15
2023-07-11 10:17:16.744847,,624.0
2023-07-11 10:17:17.745226,,624.1
2023-07-11 10:17:18.349853,,624.05
2023-07-11 10:17:18.743612,,624.0
2023-07-11 10:17:19.561835,,624.15
2023-07-11 10:17:20.554639,,624.05
2023-07-11 10:17:20.802485,,624.15
2023-07-11 10:17:22.748567,,624.0
2023-07-11 10:17:22.955440,,624.15
2023-07-11 10:17:24.757186,,624.0
2023-07-11 10:17:25.153939,,624.1
2023-07-11 10:17:25.746571,,624.0
2023-07-11 10:17:26.384024,,624.1
2023-07-11 10:17:26.745801,,624.0
2023-07-11 10:17:29.747715,,623.95
2023-07-11 10:17:30.555782,,624.0
2023-07-11 10:17:32.751878,,624.15
2023-07-11 10:17:35.754732,,624.05
2023-07-11 10:17:36.960984,,624.1
2023-07-11 10:17:37.752666,,624.05
2023-07-11 10:17:37.962536,,624.15
2023-07-11 10:17:38.754560,,624.1
2023-07-11 10:17:39.748531,,624.15
2023-07-11 10:17:39.960401,,624.1
2023-07-11 10:17:40.749639,,624.15
2023-07-11 10:17:41.760012,,624.1
2023-07-11 10:17:42.752009,,624.0
2023-07-11 10:17:43.361813,,624.15
2023-07-11 10:17:44.362619,,624.1
2023-07-11 10:17:45.560879,,624.15
2023-07-11 10:17:45.749759,,624.05
2023-07-11 10:17:46.755726,,624.15
2023-07-11 10:17:48.753529,,624.05
2023-07-11 10:17:49.178266,,624.15
2023-07-11 10:17:50.171652,,624.05
2023-07-11 10:17:50.752291,,624.15
2023-07-11 10:17:51.168110,,624.05
2023-07-11 10:17:51.752833,,624.15
2023-07-11 10:17:52.163875,,624.05
2023-07-11 10:17:52.755509,,624.15
2023-07-11 10:17:53.751758,,624.05
2023-07-11 10:17:56.968178,,624.0
2023-07-11 10:18:01.761072,,623.9
2023-07-11 10:18:03.970702,,623.85
2023-07-11 10:18:04.772207,,623.9
2023-07-11 10:18:05.172958,,623.95
2023-07-11 10:18:07.384936,,623.85
2023-07-11 10:18:07.757704,,623.95
2023-07-11 10:18:08.571202,,623.9
2023-07-11 10:18:08.763083,,623.95
2023-07-11 10:18:10.171907,,624.0
2023-07-11 10:18:10.260848,,623.85
2023-07-11 10:18:11.007562,,624.0
2023-07-11 10:18:13.755724,,623.95
2023-07-11 10:18:14.757368,,623.85
2023-07-11 10:18:15.759447,,623.95
2023-07-11 10:18:16.760827,,623.85
2023-07-11 10:18:17.762489,,623.75
2023-07-11 10:18:18.812806,,623.8
2023-07-11 10:18:19.759236,,623.95
2023-07-11 10:18:20.757272,,623.75
2023-07-11 10:18:21.757324,,623.95
2023-07-11 10:18:24.778731,,623.8
2023-07-11 10:18:25.179968,,623.9
2023-07-11 10:18:26.762014,,623.95
2023-07-11 10:18:33.764889,,623.9
2023-07-11 10:18:34.760750,,623.95
2023-07-11 10:18:36.770507,,624.0
2023-07-11 10:18:38.764274,,623.95
2023-07-11 10:18:39.002126,,624.0
2023-07-11 10:18:39.770510,,623.9
2023-07-11 10:18:40.768891,,624.0
2023-07-11 10:18:42.768654,,623.8
2023-07-11 10:18:44.190674,,623.95
2023-07-11 10:18:44.780386,,624.0
2023-07-11 10:18:45.774817,,623.95
2023-07-11 10:18:46.194558,,624.0
2023-07-11 10:18:48.390513,,623.8
2023-07-11 10:18:49.190447,,623.95
2023-07-11 10:18:49.765438,,623.85
2023-07-11 10:18:49.991298,,623.95
2023-07-11 10:18:50.769326,,623.8
2023-07-11 10:18:51.191805,,623.95
2023-07-11 10:18:51.769547,,623.8
2023-07-11 10:18:52.768365,,623.95
2023-07-11 10:18:53.993675,,623.8
2023-07-11 10:18:54.767849,,623.95
2023-07-11 10:18:55.994570,,623.8
2023-07-11 10:18:56.767829,,623.95
2023-07-11 10:19:01.785850,,623.9
2023-07-11 10:19:02.772239,,623.95
2023-07-11 10:19:08.771739,,623.9
2023-07-11 10:19:09.000160,,623.95
2023-07-11 10:19:09.771682,,623.9
2023-07-11 10:19:10.213408,,623.95
2023-07-11 10:19:10.796112,,623.9
2023-07-11 10:19:11.771111,,623.95
2023-07-11 10:19:13.403378,,623.9
2023-07-11 10:19:14.410731,,623.95
2023-07-11 10:19:18.778205,,623.9
2023-07-11 10:19:19.009471,,623.95
2023-07-11 10:19:21.207042,,623.9
2023-07-11 10:19:21.773339,,623.95
2023-07-11 10:19:23.407326,,624.2
2023-07-11 10:19:23.776099,,624.15
2023-07-11 10:19:24.795466,,624.1
2023-07-11 10:19:25.607881,,624.15
2023-07-11 10:19:27.775560,,624.25
2023-07-11 10:19:29.778948,,624.05
2023-07-11 10:19:30.209705,,624.25
2023-07-11 10:19:30.777444,,624.0
2023-07-11 10:19:32.784855,,624.25
2023-07-11 10:19:33.781478,,624.05
2023-07-11 10:19:34.613425,,624.1
2023-07-11 10:19:36.015968,,624.25
2023-07-11 10:19:34.613425,,624.1
2023-07-11 10:19:36.015968,,624.25
2023-07-11 10:19:36.778587,,624.1
2023-07-11 10:19:38.782965,,624.2
2023-07-11 10:19:39.783287,,624.25
2023-07-11 10:19:40.215228,,624.2
2023-07-11 10:19:41.223101,,624.25
2023-07-11 10:19:41.780818,,624.3
2023-07-11 10:19:42.796337,,624.25
2023-07-11 10:19:45.779488,,624.3
2023-07-11 10:19:46.778474,,624.25
2023-07-11 10:19:47.780103,,624.3
2023-07-11 10:19:48.018958,,624.25
2023-07-11 10:19:48.780512,,624.3
2023-07-11 10:19:51.779172,,624.25
2023-07-11 10:19:52.618660,,624.3
2023-07-11 10:19:52.796552,,624.25
2023-07-11 10:19:53.822917,,624.4
2023-07-11 10:19:55.782699,,624.25
2023-07-11 10:19:56.040517,,624.35
2023-07-11 10:19:57.224828,,624.25
2023-07-11 10:19:57.785665,,624.3
2023-07-11 10:19:58.424148,,624.25
2023-07-11 10:19:59.424605,,624.3
2023-07-11 10:19:59.791380,,624.25
2023-07-11 10:20:00.791759,,624.3
2023-07-11 10:20:01.423368,,624.35
2023-07-11 10:20:02.423748,,624.3
2023-07-11 10:20:02.787526,,624.35
2023-07-11 10:20:03.783602,,624.3
2023-07-11 10:20:04.783325,,624.4
2023-07-11 10:20:05.845455,,624.3
2023-07-11 10:20:06.784921,,624.4
2023-07-11 10:20:07.782684,,624.45
2023-07-11 10:20:09.784459,,624.35
2023-07-11 10:20:10.789120,,624.45
2023-07-11 10:20:11.027970,,624.35
2023-07-11 10:20:11.786631,,624.3
2023-07-11 10:20:12.784568,,624.25
2023-07-11 10:20:13.788462,,624.2
2023-07-11 10:20:14.035309,,624.25
2023-07-11 10:20:14.788441,,624.15
2023-07-11 10:20:15.032757,,624.0
2023-07-11 10:20:16.787566,,623.9
2023-07-11 10:20:17.792400,,624.0
2023-07-11 10:20:18.042320,,623.95
2023-07-11 10:20:18.789757,,623.9
2023-07-11 10:20:19.033860,,624.0
2023-07-11 10:20:28.802164,,623.95
2023-07-11 10:20:29.235559,,624.0
2023-07-11 10:20:29.793404,,623.95
2023-07-11 10:20:30.790472,,624.1
2023-07-11 10:20:32.047579,,624.0
2023-07-11 10:20:32.794629,,623.9
2023-07-11 10:20:33.791170,,623.95
2023-07-11 10:20:34.792133,,623.9
2023-07-11 10:20:36.899596,,624.0
2023-07-11 10:20:37.802083,,624.15
2023-07-11 10:20:38.797626,,624.1
2023-07-11 10:20:39.832641,,624.15
2023-07-11 10:20:40.792585,,624.1
2023-07-11 10:20:41.797254,,624.15
2023-07-11 10:20:44.052874,,624.1
2023-07-11 10:20:45.796229,,624.15
2023-07-11 10:20:46.044602,,624.1
2023-07-11 10:20:46.794411,,624.15
2023-07-11 10:20:49.892821,,624.25
2023-07-11 10:20:50.446481,,624.2
2023-07-11 10:20:50.796263,,624.1
2023-07-11 10:20:51.451290,,624.2
2023-07-11 10:20:51.799074,,624.0
2023-07-11 10:20:52.452117,,624.15
2023-07-11 10:20:52.794901,,624.1
2023-07-11 10:20:53.460694,,624.15
2023-07-11 10:20:53.796872,,624.1
2023-07-11 10:20:54.797597,,624.15
2023-07-11 10:20:55.650071,,624.1
2023-07-11 10:20:56.647857,,624.15
2023-07-11 10:20:56.805760,,624.1
2023-07-11 10:20:58.801630,,624.2
2023-07-11 10:21:00.050652,,624.15
2023-07-11 10:21:01.830667,,624.25
2023-07-11 10:21:02.796070,,624.15
2023-07-11 10:21:03.255787,,624.25
2023-07-11 10:21:03.805447,,624.15
2023-07-11 10:21:04.261163,,624.2
2023-07-11 10:21:04.796830,,624.25
2023-07-11 10:21:06.797592,,624.1
2023-07-11 10:21:07.802971,,624.0
2023-07-11 10:21:12.799069,,623.95
2023-07-11 10:21:13.801927,,624.0
2023-07-11 10:21:14.800501,,624.1
2023-07-11 10:21:16.255843,,624.15
2023-07-11 10:21:18.803749,,624.2
2023-07-11 10:21:19.803413,,624.25
2023-07-11 10:21:20.801607,,624.1
2023-07-11 10:21:21.818817,,624.0
2023-07-11 10:21:24.802652,,624.2
2023-07-11 10:21:26.077051,,624.15
2023-07-11 10:21:26.803599,,624.0
2023-07-11 10:21:27.810113,,624.1
2023-07-11 10:21:28.264307,,624.15
2023-07-11 10:21:29.809732,,624.0
2023-07-11 10:21:30.804684,,624.15
2023-07-11 10:21:31.825181,,624.0
2023-07-11 10:21:32.803505,,623.9
2023-07-11 10:21:33.805169,,624.0
2023-07-11 10:21:35.810241,,623.95
2023-07-11 10:21:36.271956,,624.0
2023-07-11 10:21:36.809030,,623.95
2023-07-11 10:21:37.472192,,624.0
2023-07-11 10:21:40.266273,,624.1
2023-07-11 10:21:40.805991,,624.0
2023-07-11 10:21:41.264271,,624.1
2023-07-11 10:21:41.807967,,624.0
2023-07-11 10:21:42.479935,,624.05
2023-07-11 10:21:42.817726,,624.0
2023-07-11 10:21:43.679367,,624.05
2023-07-11 10:21:43.807288,,624.0
2023-07-11 10:21:45.065910,,624.1
2023-07-11 10:21:45.828504,,624.0
2023-07-11 10:21:46.809960,,624.05
2023-07-11 10:21:48.810635,,624.0
2023-07-11 10:21:50.482081,,624.05
2023-07-11 10:21:50.814511,,624.1
2023-07-11 10:21:51.482084,,623.95
2023-07-11 10:21:52.697827,,624.0
2023-07-11 10:21:54.809110,,624.1
2023-07-11 10:21:55.814259,,624.0
2023-07-11 10:21:56.093096,,623.95
2023-07-11 10:21:57.809975,,624.0
2023-07-11 10:22:01.815501,,623.95
2023-07-11 10:22:02.810910,,624.0
2023-07-11 10:22:05.833346,,623.95
2023-07-11 10:22:06.814360,,624.0
2023-07-11 10:22:15.816761,,623.95
2023-07-11 10:22:16.086122,,624.0
2023-07-11 10:22:17.819701,,623.95
2023-07-11 10:22:18.819595,,624.0
2023-07-11 10:22:20.817969,,623.95
2023-07-11 10:22:21.816775,,624.0
2023-07-11 10:22:22.693231,,623.95
2023-07-11 10:22:23.694557,,624.0
2023-07-11 10:22:23.816710,,623.95
2023-07-11 10:22:24.817234,,624.0
2023-07-11 10:22:30.823286,,623.95
2023-07-11 10:22:31.821955,,624.0
2023-07-11 10:22:32.819933,,624.05
2023-07-11 10:22:33.820828,,623.95
2023-07-11 10:22:34.090647,,624.0
2023-07-11 10:22:35.819994,,623.95
2023-07-11 10:22:37.096731,,624.0
2023-07-11 10:22:41.822614,,623.95
2023-07-11 10:22:42.829990,,624.0
2023-07-11 10:22:42.905941,,623.95
2023-07-11 10:22:44.824147,,624.0
2023-07-11 10:22:46.081068,,623.95
2023-07-11 10:22:46.826317,,624.0
2023-07-11 10:22:47.093149,,623.95
2023-07-11 10:22:47.821456,,624.05
2023-07-11 10:22:48.291769,,624.0
2023-07-11 10:22:49.305834,,624.15
2023-07-11 10:22:49.832618,,624.0
2023-07-11 10:22:50.305326,,624.15
2023-07-11 10:22:51.324862,,624.05
2023-07-11 10:22:51.825821,,624.2
2023-07-11 10:22:52.099650,,624.05
2023-07-11 10:22:52.825201,,624.15
2023-07-11 10:22:53.829458,,624.2
2023-07-11 10:22:54.825631,,624.05
2023-07-11 10:22:55.824249,,624.1
2023-07-11 10:22:55.916192,,624.05
2023-07-11 10:22:56.823301,,624.2
2023-07-11 10:22:58.497229,,624.05
2023-07-11 10:22:58.824027,,624.2
2023-07-11 10:22:59.828814,,624.15
2023-07-11 10:23:01.712474,,624.2
2023-07-11 10:23:01.826401,,624.15
2023-07-11 10:23:03.828164,,624.2
2023-07-11 10:23:06.834303,,624.1
2023-07-11 10:23:07.826687,,624.15
2023-07-11 10:23:09.825535,,624.05
2023-07-11 10:23:10.829951,,624.15
2023-07-11 10:23:11.832289,,624.05
2023-07-11 10:23:13.830919,,624.15
2023-07-11 10:23:14.323799,,624.0
2023-07-11 10:23:22.829561,,623.95
2023-07-11 10:23:24.844162,,624.0
2023-07-11 10:23:25.835590,,623.9
2023-07-11 10:23:27.512211,,623.95
2023-07-11 10:23:29.709147,,623.85
2023-07-11 10:23:29.834069,,623.95
2023-07-11 10:23:30.836308,,623.8
2023-07-11 10:23:31.831804,,623.95
2023-07-11 10:23:32.832224,,623.85
2023-07-11 10:23:33.846823,,623.95
2023-07-11 10:23:35.834397,,623.9
2023-07-11 10:23:36.126213,,623.95
2023-07-11 10:23:36.833957,,623.9
2023-07-11 10:23:37.840289,,623.95
2023-07-11 10:23:41.834180,,623.9
2023-07-11 10:23:42.520136,,623.95
2023-07-11 10:23:51.085585,,624.05
2023-07-11 10:23:51.920399,,623.9
2023-07-11 10:23:52.841899,,624.05
2023-07-11 10:23:54.837978,,624.0
2023-07-11 10:24:01.928466,,624.05
2023-07-11 10:24:02.847303,,623.95
2023-07-11 10:24:05.843985,,624.0
2023-07-11 10:24:07.848553,,623.95
2023-07-11 10:24:08.328501,,624.0
2023-07-11 10:24:09.850599,,623.95
2023-07-11 10:24:11.530551,,624.05
2023-07-11 10:24:11.851353,,624.0
2023-07-11 10:24:13.529650,,624.05
2023-07-11 10:24:14.741194,,624.0
2023-07-11 10:24:15.846166,,624.1
2023-07-11 10:24:16.852569,,624.0
2023-07-11 10:24:21.132932,,624.05
2023-07-11 10:24:21.862728,,624.0
2023-07-11 10:24:24.848937,,623.95
2023-07-11 10:24:25.843321,,624.0
2023-07-11 10:24:27.935026,,623.95
2023-07-11 10:24:28.848462,,624.0
2023-07-11 10:24:29.861316,,624.1
2023-07-11 10:24:30.858365,,624.0
2023-07-11 10:24:31.848078,,624.1
2023-07-11 10:24:32.868116,,624.05
2023-07-11 10:24:33.845882,,624.1
2023-07-11 10:24:34.337743,,624.05
2023-07-11 10:24:35.855618,,624.1
2023-07-11 10:24:36.854823,,624.15
2023-07-11 10:24:39.862043,,624.1
2023-07-11 10:24:39.940996,,624.15
2023-07-11 10:24:41.862807,,624.1
2023-07-11 10:24:41.945758,,624.15
2023-07-11 10:24:43.852057,,624.1
2023-07-11 10:24:44.849054,,624.15
2023-07-11 10:24:45.864789,,624.1
2023-07-11 10:24:46.153109,,624.0
2023-07-11 10:24:46.858108,,624.15
2023-07-11 10:24:47.861945,,624.05
2023-07-11 10:24:48.853240,,624.15
2023-07-11 10:24:49.858402,,624.0
2023-07-11 10:24:50.858430,,624.15
2023-07-11 10:24:52.547374,,624.0
2023-07-11 10:24:54.756516,,624.15
2023-07-11 10:24:54.946397,,624.15
2023-07-11 10:24:55.860434,,624.0
2023-07-11 10:24:56.859055,,623.95
2023-07-11 10:24:57.866430,,624.15
2023-07-11 10:24:59.151494,,623.95
2023-07-11 10:24:59.866510,,624.15
2023-07-11 10:25:00.155333,,624.2
2023-07-11 10:25:02.870652,,624.15
2023-07-11 10:25:03.865037,,624.2
2023-07-11 10:25:04.865418,,624.15
2023-07-11 10:25:05.865797,,624.2
2023-07-11 10:25:06.350497,,624.15
2023-07-11 10:25:07.863562,,624.2
2023-07-11 10:25:08.357256,,624.05
2023-07-11 10:25:08.867939,,624.15
2023-07-11 10:25:09.353639,,624.2
2023-07-11 10:25:09.896303,,624.15
2023-07-11 10:25:12.558656,,624.0
2023-07-11 10:25:12.870913,,624.15
2023-07-11 10:25:13.553543,,624.0
2023-07-11 10:25:15.561646,,624.15
2023-07-11 10:25:15.871977,,624.0
2023-07-11 10:25:16.558470,,624.15
2023-07-11 10:25:16.862283,,624.0
2023-07-11 10:25:17.864384,,624.15
2023-07-11 10:25:18.557955,,624.0
2023-07-11 10:25:18.870358,,624.15
2023-07-11 10:25:19.862936,,624.05
2023-07-11 10:25:20.358630,,624.15
2023-07-11 10:25:20.873142,,624.05
2023-07-11 10:25:21.866184,,624.15
2023-07-11 10:25:22.760115,,624.05
2023-07-11 10:25:24.758283,,624.15
2023-07-11 10:25:24.867313,,624.05
2023-07-11 10:25:25.760900,,624.2
2023-07-11 10:25:26.874903,,624.05
2023-07-11 10:25:27.562136,,624.0
2023-07-11 10:25:27.882669,,624.25
2023-07-11 10:25:28.866242,,624.05
2023-07-11 10:25:30.761385,,624.2
2023-07-11 10:25:30.871316,,624.05
2023-07-11 10:25:31.764342,,624.2
2023-07-11 10:25:31.862280,,624.05
2023-07-11 10:25:35.765062,,624.2
2023-07-11 10:25:35.864998,,624.15
2023-07-11 10:25:36.868990,,624.1
2023-07-11 10:25:36.969926,,624.2
2023-07-11 10:25:38.568612,,624.15
2023-07-11 10:25:38.872047,,624.05
2023-07-11 10:25:41.584369,,624.1
2023-07-11 10:25:41.873456,,624.05
2023-07-11 10:25:42.571021,,624.1
2023-07-11 10:25:43.867785,,624.05
2023-07-11 10:25:44.871510,,624.1
2023-07-11 10:25:45.867688,,624.0
2023-07-11 10:25:46.874955,,624.1
2023-07-11 10:25:47.875657,,624.15
2023-07-11 10:25:48.568229,,624.05
2023-07-11 10:25:49.570966,,624.0
2023-07-11 10:25:51.872913,,623.85
2023-07-11 10:25:52.572479,,623.9
2023-07-11 10:25:52.866298,,623.95
2023-07-11 10:25:53.573127,,623.9
2023-07-11 10:25:54.573932,,623.95
2023-07-11 10:25:55.000075,,623.85
2023-07-11 10:25:55.877000,,623.8
2023-07-11 10:25:56.574569,,623.9
2023-07-11 10:25:58.574431,,623.85
2023-07-11 10:25:58.870249,,623.95
2023-07-11 10:25:59.886233,,624.0
2023-07-11 10:26:03.586064,,623.9
2023-07-11 10:26:03.869888,,624.0
2023-07-11 10:26:04.379573,,623.95
2023-07-11 10:26:04.871268,,624.0
2023-07-11 10:26:05.875063,,623.95
2023-07-11 10:26:07.876739,,623.9
2023-07-11 10:26:10.887586,,623.85
2023-07-11 10:26:11.881634,,623.9
2023-07-11 10:26:12.882279,,623.85
2023-07-11 10:26:16.902489,,623.95
2023-07-11 10:26:17.002428,,623.8
2023-07-11 10:26:17.873888,,623.9
2023-07-11 10:26:17.987818,,624.0
2023-07-11 10:26:21.888926,,623.95
2023-07-11 10:26:24.039948,,623.9
2023-07-11 10:26:26.620296,,623.95
2023-07-11 10:26:26.890131,,623.9
2023-07-11 10:26:27.586777,,623.95
2023-07-11 10:26:28.887795,,623.9
2023-07-11 10:26:29.588973,,623.95
2023-07-11 10:26:32.591731,,623.9
2023-07-11 10:26:38.395640,,623.95
2023-07-11 10:26:38.877343,,623.9
2023-07-11 10:26:39.591900,,623.95
2023-07-11 10:26:40.656832,,623.9
2023-07-11 10:26:40.885689,,623.95
2023-07-11 10:26:43.792888,,624.0
2023-07-11 10:26:46.396838,,623.95
2023-07-11 10:26:47.897240,,624.1
2023-07-11 10:26:48.891663,,624.0
2023-07-11 10:26:49.401348,,623.95
2023-07-11 10:26:49.879050,,624.0
2023-07-11 10:26:50.396737,,624.15
2023-07-11 10:26:50.887707,,624.2
2023-07-11 10:26:51.401391,,624.1
2023-07-11 10:26:52.598087,,624.2
2023-07-11 10:26:52.881472,,624.1
2023-07-11 10:26:53.600139,,624.2
2023-07-11 10:26:53.880965,,624.1
2023-07-11 10:26:54.400643,,624.2
2023-07-11 10:26:54.888570,,624.15
2023-07-11 10:26:55.401253,,624.1
2023-07-11 10:26:56.405051,,624.05
2023-07-11 10:26:56.887299,,624.15
2023-07-11 10:26:58.404806,,624.05
2023-07-11 10:26:58.880980,,624.0
2023-07-11 10:26:59.199780,,624.15
2023-07-11 10:27:00.905584,,624.05
2023-07-11 10:27:01.409273,,624.0
2023-07-11 10:27:02.406655,,624.05
2023-07-11 10:27:04.901112,,624.0
2023-07-11 10:27:06.604056,,623.95
2023-07-11 10:27:07.612434,,624.0
2023-07-11 10:27:08.406942,,623.95
2023-07-11 10:27:08.894639,,624.0
2023-07-11 10:27:10.633565,,623.95
2023-07-11 10:27:12.915616,,624.0
2023-07-11 10:27:13.883084,,623.95
2023-07-11 10:27:15.214984,,624.05
2023-07-11 10:27:15.896740,,623.95
2023-07-11 10:27:16.897467,,624.15
2023-07-11 10:27:17.889853,,624.0
2023-07-11 10:27:18.895750,,624.15
2023-07-11 10:27:20.917726,,624.0
2023-07-11 10:27:24.812631,,624.1
2023-07-11 10:27:24.891584,,624.05
2023-07-11 10:27:25.899518,,624.0
2023-07-11 10:27:26.886104,,624.15
2023-07-11 10:27:27.889739,,624.1
2023-07-11 10:27:28.895117,,624.0
2023-07-11 10:27:29.910489,,624.2
2023-07-11 10:27:30.906953,,624.05
2023-07-11 10:27:31.895344,,624.15
2023-07-11 10:27:32.892724,,624.1
2023-07-11 10:27:33.892106,,624.05
2023-07-11 10:27:34.217905,,624.1
2023-07-11 10:27:34.891038,,624.0
2023-07-11 10:27:37.896180,,624.15
2023-07-11 10:27:38.023101,,624.05
2023-07-11 10:27:38.896878,,624.15
2023-07-11 10:27:39.890640,,624.0
2023-07-11 10:27:40.897310,,624.15
2023-07-11 10:27:41.896383,,624.0
2023-07-11 10:27:43.228560,,624.15
2023-07-11 10:27:45.896620,,624.0
2023-07-11 10:27:46.896192,,624.15
2023-07-11 10:27:47.022113,,624.0
2023-07-11 10:27:47.896508,,624.1
2023-07-11 10:27:48.222308,,624.15
2023-07-11 10:27:48.946859,,624.1
2023-07-11 10:27:49.894186,,624.0
2023-07-11 10:27:52.926330,,624.15
2023-07-11 10:27:53.908421,,624.0
2023-07-11 10:27:54.899672,,624.15
2023-07-11 10:27:55.900341,,624.0
2023-07-11 10:27:56.905549,,624.15
2023-07-11 10:27:59.229281,,624.1
2023-07-11 10:27:59.896924,,624.0
2023-07-11 10:28:00.230078,,624.1
2023-07-11 10:28:00.907066,,624.15
2023-07-11 10:28:01.226868,,624.0
2023-07-11 10:28:01.892454,,624.15
2023-07-11 10:28:02.432119,,624.0
2023-07-11 10:28:04.903737,,624.1
2023-07-11 10:28:05.439341,,624.05
2023-07-11 10:28:05.908049,,624.0
2023-07-11 10:28:08.636694,,623.95
2023-07-11 10:28:08.908526,,624.0
2023-07-11 10:28:09.434460,,623.95
2023-07-11 10:28:10.240400,,624.0
2023-07-11 10:28:12.432516,,624.05
2023-07-11 10:28:12.898226,,624.0
2023-07-11 10:28:13.901606,,624.05
2023-07-11 10:28:14.904057,,624.0
2023-07-11 10:28:15.648348,,624.05
2023-07-11 10:28:16.903708,,624.1
2023-07-11 10:28:17.900183,,624.05
2023-07-11 10:28:18.438886,,624.0
2023-07-11 10:28:18.904626,,624.1
2023-07-11 10:28:20.902877,,624.05
2023-07-11 10:28:22.913875,,624.1
2023-07-11 10:28:25.907754,,624.05
2023-07-11 10:28:26.903883,,624.15
2023-07-11 10:28:27.440849,,624.1
2023-07-11 10:28:27.900387,,624.05
2023-07-11 10:28:28.653532,,624.15
2023-07-11 10:28:28.901379,,624.0
2023-07-11 10:28:29.906854,,624.1
2023-07-11 10:28:30.640962,,624.15
2023-07-11 10:28:31.900047,,624.0
2023-07-11 10:28:33.902096,,624.1
2023-07-11 10:28:35.444045,,624.05
2023-07-11 10:28:35.905219,,624.0
2023-07-11 10:28:37.846720,,624.05
2023-07-11 10:28:37.904106,,624.0
2023-07-11 10:28:38.901878,,624.05
2023-07-11 10:28:39.044790,,624.0
2023-07-11 10:28:41.854934,,623.95
2023-07-11 10:28:42.908703,,624.0
2023-07-11 10:28:41.854934,,623.95
2023-07-11 10:28:42.908703,,624.0
2023-07-11 10:28:43.910311,,623.95
2023-07-11 10:28:44.909695,,624.0
2023-07-11 10:28:45.908077,,623.95
2023-07-11 10:28:46.912458,,624.0
2023-07-11 10:28:47.253244,,623.95
2023-07-11 10:28:48.298967,,624.0
2023-07-11 10:28:48.908590,,623.95
2023-07-11 10:28:49.259372,,624.0
2023-07-11 10:28:49.909322,,623.95
2023-07-11 10:28:50.260530,,624.0
2023-07-11 10:28:51.906760,,623.95
2023-07-11 10:28:52.906851,,624.0
2023-07-11 10:28:53.260632,,623.95
2023-07-11 10:28:58.469019,,623.9
2023-07-11 10:28:58.469019,,623.9
2023-07-11 10:28:58.913727,,624.0
2023-07-11 10:28:59.466386,,623.95
2023-07-11 10:29:01.936006,,623.9
2023-07-11 10:29:03.926287,,623.95
2023-07-11 10:29:05.484322,,624.0
2023-07-11 10:29:06.670588,,623.95
2023-07-11 10:29:07.668969,,624.0
2023-07-11 10:29:08.687339,,623.95
2023-07-11 10:29:08.918197,,624.0
2023-07-11 10:29:09.659738,,623.95
2023-07-11 10:29:10.658120,,624.0
2023-07-11 10:29:11.925336,,623.9
2023-07-11 10:29:12.926716,,624.0
2023-07-11 10:29:18.673367,,623.95
2023-07-11 10:29:18.929203,,624.0
2023-07-11 10:29:20.862105,,623.95
2023-07-11 10:29:25.931684,,623.95
2023-07-11 10:29:26.917073,,624.0
2023-07-11 10:29:27.272853,,623.95
2023-07-11 10:29:27.918454,,624.0
2023-07-11 10:29:31.472216,,623.95
2023-07-11 10:29:31.933698,,624.0
2023-07-11 10:29:34.932541,,623.95
2023-07-11 10:29:36.483203,,624.0
2023-07-11 10:29:36.945914,,623.95
2023-07-11 10:29:37.477586,,624.0
2023-07-11 10:29:37.916962,,623.95
2023-07-11 10:29:39.418583,,624.0
2023-07-11 10:29:40.923298,,624.05
2023-07-11 10:29:41.669835,,624.0
2023-07-11 10:29:44.924342,,624.05
2023-07-11 10:29:46.929102,,624.0
2023-07-11 10:29:47.491752,,624.05
2023-07-11 10:29:47.919487,,624.0
2023-07-11 10:29:48.931093,,624.05
2023-07-11 10:29:49.927763,,624.0
2023-07-11 10:29:50.687299,,624.05
2023-07-11 10:29:50.926155,,624.0
2023-07-11 10:29:53.926651,,624.05
2023-07-11 10:29:54.920833,,624.0
2023-07-11 10:29:55.076570,,624.05
2023-07-11 10:29:55.921984,,624.2
2023-07-11 10:29:56.921511,,624.0
2023-07-11 10:29:57.924099,,624.2
2023-07-11 10:29:58.090323,,624.05
2023-07-11 10:29:58.924527,,624.2
2023-07-11 10:29:59.290857,,624.05
2023-07-11 10:29:59.930349,,624.15
2023-07-11 10:30:00.926721,,624.2
2023-07-11 10:30:02.928177,,624.15
2023-07-11 10:30:03.931885,,624.25
2023-07-11 10:30:04.480671,,624.2
2023-07-11 10:30:04.924464,,624.15
2023-07-11 10:30:06.481412,,624.2
2023-07-11 10:30:07.286058,,624.25
2023-07-11 10:30:08.484347,,624.2
2023-07-11 10:30:09.884757,,624.15
2023-07-11 10:30:12.925136,,624.25
2023-07-11 10:30:13.683038,,624.15
2023-07-11 10:30:14.925218,,624.25
2023-07-11 10:30:15.928064,,624.15
2023-07-11 10:30:16.902379,,624.25
2023-07-11 10:30:16.931361,,624.15
2023-07-11 10:30:20.925353,,624.25
2023-07-11 10:30:21.932969,,624.1
2023-07-11 10:30:23.693009,,624.2
2023-07-11 10:30:24.931608,,624.25
2023-07-11 10:30:25.953694,,624.2
2023-07-11 10:30:26.489741,,624.25
2023-07-11 10:30:26.928096,,624.15
2023-07-11 10:30:27.498737,,624.25
2023-07-11 10:30:28.939361,,624.15
2023-07-11 10:30:29.930731,,624.1
2023-07-11 10:30:30.493591,,624.2
2023-07-11 10:30:31.933579,,624.15
2023-07-11 10:30:32.497385,,624.25
2023-07-11 10:30:32.935113,,624.1
2023-07-11 10:30:33.928927,,624.25
2023-07-11 10:30:34.511874,,624.3
2023-07-11 10:30:34.931630,,624.1
2023-07-11 10:30:35.697254,,624.3
2023-07-11 10:30:35.932987,,624.1
2023-07-11 10:30:36.693935,,624.3
2023-07-11 10:30:36.937788,,624.1
2023-07-11 10:30:37.699465,,624.2
2023-07-11 10:30:37.935205,,624.15
2023-07-11 10:30:38.899583,,624.2
2023-07-11 10:30:38.932563,,624.15
2023-07-11 10:30:39.938891,,624.2
2023-07-11 10:30:40.936328,,624.15
2023-07-11 10:30:41.930749,,624.2
2023-07-11 10:30:42.102643,,624.15
2023-07-11 10:30:42.930269,,624.2
2023-07-11 10:30:43.937901,,624.15
2023-07-11 10:30:44.935020,,624.2
2023-07-11 10:30:45.100250,,624.15
2023-07-11 10:30:46.933409,,624.2
2023-07-11 10:30:48.299236,,624.15
2023-07-11 10:30:49.502522,,624.2
2023-07-11 10:30:49.934037,,624.15
2023-07-11 10:30:51.933860,,624.15
2023-07-11 10:30:52.501971,,624.2
2023-07-11 10:30:53.503195,,624.3
2023-07-11 10:30:53.935044,,624.15
2023-07-11 10:30:54.705714,,624.3
2023-07-11 10:30:55.701439,,624.2
2023-07-11 10:30:55.935665,,624.3
2023-07-11 10:30:58.507016,,624.2
2023-07-11 10:31:00.506928,,624.3
2023-07-11 10:31:00.946655,,624.2
2023-07-11 10:31:02.507689,,624.3
2023-07-11 10:31:02.944420,,624.2
2023-07-11 10:31:03.938803,,624.3
2023-07-11 10:31:04.117692,,624.25
2023-07-11 10:31:04.943181,,624.3
2023-07-11 10:31:06.941946,,624.25
2023-07-11 10:31:09.939430,,624.3
2023-07-11 10:31:12.709546,,624.25
2023-07-11 10:31:13.929025,,624.3
2023-07-11 10:31:13.945015,,624.25
2023-07-11 10:31:15.111355,,624.3
2023-07-11 10:31:15.946619,,624.25
2023-07-11 10:31:16.718466,,624.3
2023-07-11 10:31:16.940328,,624.25
2023-07-11 10:31:17.939869,,624.3
2023-07-11 10:31:18.511496,,624.25
2023-07-11 10:31:18.940444,,624.3
2023-07-11 10:31:21.515706,,624.4
2023-07-11 10:31:21.942217,,624.3
2023-07-11 10:31:22.721157,,624.5
2023-07-11 10:31:23.713740,,624.45
2023-07-11 10:31:24.715567,,624.4
2023-07-11 10:31:25.915964,,624.45
2023-07-11 10:31:25.943944,,624.35
2023-07-11 10:31:26.120072,,624.5
2023-07-11 10:31:26.943277,,624.4
2023-07-11 10:31:27.942694,,624.5
2023-07-11 10:31:28.941228,,624.4
2023-07-11 10:31:29.518161,,624.5
2023-07-11 10:31:29.944227,,624.4
2023-07-11 10:31:30.549175,,624.5
2023-07-11 10:31:31.941649,,624.4
2023-07-11 10:31:33.523601,,624.5
2023-07-11 10:31:34.947777,,624.4
2023-07-11 10:31:36.942604,,624.5
2023-07-11 10:31:40.945430,,624.45
2023-07-11 10:31:42.727039,,624.5
2023-07-11 10:31:42.944900,,624.45
2023-07-11 10:31:44.522373,,624.5
2023-07-11 10:31:44.993081,,624.45
2023-07-11 10:31:45.524479,,624.5
2023-07-11 10:31:45.945642,,624.45
2023-07-11 10:31:46.524728,,624.5
2023-07-11 10:31:47.945679,,624.45
2023-07-11 10:31:48.947059,,624.5
2023-07-11 10:31:51.948060,,624.45
2023-07-11 10:31:52.732851,,624.5
2023-07-11 10:31:53.946914,,624.45
2023-07-11 10:31:54.727429,,624.55
2023-07-11 10:31:55.946354,,624.45
2023-07-11 10:31:56.730821,,624.55
2023-07-11 10:31:57.728254,,624.7
2023-07-11 10:31:57.948335,,624.45
2023-07-11 10:32:00.530504,,624.65
2023-07-11 10:32:01.528883,,624.5
2023-07-11 10:32:01.528883,,624.5
2023-07-11 10:32:02.950195,,624.45
2023-07-11 10:32:05.746463,,624.5
2023-07-11 10:32:05.963842,,624.45
2023-07-11 10:32:07.557619,,624.5
2023-07-11 10:32:07.952375,,624.55
2023-07-11 10:32:08.340260,,624.65
2023-07-11 10:32:08.950882,,624.5
2023-07-11 10:32:09.340642,,624.6
2023-07-11 10:32:09.954262,,624.5
2023-07-11 10:32:10.949644,,624.65
2023-07-11 10:32:11.136530,,624.5
2023-07-11 10:32:12.953905,,624.65
2023-07-11 10:32:14.140172,,624.5
2023-07-11 10:32:14.956479,,624.65
2023-07-11 10:32:17.139241,,624.5
2023-07-11 10:32:17.964780,,624.65
2023-07-11 10:32:19.738503,,624.7
2023-07-11 10:32:19.952370,,624.6
2023-07-11 10:32:20.543254,,624.7
2023-07-11 10:32:20.954123,,624.6
2023-07-11 10:32:21.957501,,624.7
2023-07-11 10:32:23.966782,,624.65
2023-07-11 10:32:25.954129,,624.5
2023-07-11 10:32:26.956842,,624.65
2023-07-11 10:32:27.147724,,624.7
2023-07-11 10:32:29.954232,,624.8
2023-07-11 10:32:31.991971,,624.75
2023-07-11 10:32:32.955375,,624.5
2023-07-11 10:32:33.968749,,624.8
2023-07-11 10:32:34.151634,,624.75
2023-07-11 10:32:34.967129,,624.55
2023-07-11 10:32:35.559762,,624.75
2023-07-11 10:32:35.961514,,624.55
2023-07-11 10:32:37.974921,,624.65
2023-07-11 10:32:38.546569,,624.55
2023-07-11 10:32:38.968308,,624.8
2023-07-11 10:32:39.957007,,624.55
2023-07-11 10:32:40.962118,,624.8
2023-07-11 10:32:41.961730,,624.75
2023-07-11 10:32:42.961112,,624.6
2023-07-11 10:32:44.958279,,624.75
2023-07-11 10:32:45.958294,,624.8
2023-07-11 10:32:46.961674,,624.65
2023-07-11 10:32:47.749185,,624.9
2023-07-11 10:32:48.949870,,624.75
2023-07-11 10:32:49.959182,,624.8
2023-07-11 10:32:50.751938,,624.75
2023-07-11 10:32:50.960809,,624.9
2023-07-11 10:32:51.953288,,624.75
2023-07-11 10:32:52.152166,,624.9
2023-07-11 10:32:52.961701,,624.75
2023-07-11 10:32:53.158580,,624.9
2023-07-11 10:32:54.982682,,624.75
2023-07-11 10:32:55.355450,,624.9
2023-07-11 10:32:56.963602,,624.75
2023-07-11 10:32:57.154483,,624.9
2023-07-11 10:32:57.962902,,624.85
2023-07-11 10:32:58.165776,,624.9
2023-07-11 10:32:58.966298,,624.85
2023-07-11 10:32:59.381434,,624.8
2023-07-11 10:32:59.990057,,624.75
2023-07-11 10:33:00.359367,,624.85
2023-07-11 10:33:00.975987,,624.9
2023-07-11 10:33:02.994738,,624.75
2023-07-11 10:33:04.564765,,624.9
2023-07-11 10:33:04.967517,,624.8
2023-07-11 10:33:05.560149,,624.9
2023-07-11 10:33:06.024862,,624.8
2023-07-11 10:33:06.763403,,624.9
2023-07-11 10:33:07.976654,,624.9
2023-07-11 10:33:08.761169,,624.8
2023-07-11 10:33:08.964043,,624.9
2023-07-11 10:33:10.164298,,624.85
2023-07-11 10:33:10.966802,,624.9
2023-07-11 10:33:13.986442,,624.8
2023-07-11 10:33:14.966303,,625.0
2023-07-11 10:33:15.165890,,624.9
2023-07-11 10:33:16.967370,,625.0
2023-07-11 10:33:22.585569,,624.95
2023-07-11 10:33:23.773613,,625.0
2023-07-11 10:33:25.170451,,624.9
2023-07-11 10:33:25.970104,,625.0
2023-07-11 10:33:28.577285,,624.9
2023-07-11 10:33:29.573831,,625.0
2023-07-11 10:33:30.774779,,624.9
2023-07-11 10:33:31.973598,,625.0
2023-07-11 10:33:32.175474,,624.9
2023-07-11 10:33:33.389072,,625.0
2023-07-11 10:33:33.970839,,624.9
2023-07-11 10:33:34.591162,,625.0
2023-07-11 10:33:35.776267,,624.95
2023-07-11 10:33:35.979473,,625.0
2023-07-11 10:33:39.973323,,624.9
2023-07-11 10:33:40.573261,,625.0
2023-07-11 10:33:41.588127,,624.95
2023-07-11 10:33:41.975294,,625.0
2023-07-11 10:33:40.573261,,625.0
2023-07-11 10:33:41.588127,,624.95
2023-07-11 10:33:41.975294,,625.0
2023-07-11 10:33:43.976225,,624.95
2023-07-11 10:33:44.179879,,625.0
2023-07-11 10:33:46.585706,,624.95
2023-07-11 10:33:47.778907,,625.0
2023-07-11 10:33:49.975526,,624.95
2023-07-11 10:33:51.973491,,624.85
2023-07-11 10:33:52.780335,,625.1
2023-07-11 10:33:52.976418,,625.0
2023-07-11 10:33:53.976214,,625.05
2023-07-11 10:33:54.180088,,625.15
2023-07-11 10:33:55.389158,,625.0
2023-07-11 10:33:55.977450,,625.15
2023-07-11 10:33:56.587471,,625.05
2023-07-11 10:33:56.975867,,625.2
2023-07-11 10:33:58.976603,,625.15
2023-07-11 10:33:59.182584,,625.2
2023-07-11 10:34:00.386943,,625.15
2023-07-11 10:34:01.977174,,625.25
2023-07-11 10:34:02.786036,,625.2
2023-07-11 10:34:04.193938,,625.25
2023-07-11 10:34:04.975233,,625.15
2023-07-11 10:34:05.391360,,625.25
2023-07-11 10:34:05.975713,,625.15
2023-07-11 10:34:06.598582,,625.25
2023-07-11 10:34:07.594899,,625.4
2023-07-11 10:34:08.785941,,625.35
2023-07-11 10:34:09.008804,,625.4
2023-07-11 10:34:09.792289,,625.35
2023-07-11 10:34:09.979853,,625.4
2023-07-11 10:34:10.415583,,625.35
2023-07-11 10:34:10.980232,,625.5
2023-07-11 10:34:11.390489,,625.35
2023-07-11 10:34:12.388764,,625.5
2023-07-11 10:34:12.981273,,625.2
2023-07-11 10:34:13.385837,,625.4
2023-07-11 10:34:13.977597,,625.15
2023-07-11 10:34:14.588981,,625.4
2023-07-11 10:34:14.978511,,625.15
2023-07-11 10:34:15.389259,,625.5
2023-07-11 10:34:15.985414,,625.35
2023-07-11 10:34:16.979062,,625.1
2023-07-11 10:34:17.388420,,625.15
2023-07-11 10:34:17.988689,,625.35
2023-07-11 10:34:18.980041,,625.2
2023-07-11 10:34:19.593734,,625.45
2023-07-11 10:34:20.987056,,625.2
2023-07-11 10:34:21.817704,,625.45
2023-07-11 10:34:22.987122,,625.5
2023-07-11 10:34:23.982924,,625.25
2023-07-11 10:34:24.984035,,625.5
2023-07-11 10:34:25.595833,,625.35
2023-07-11 10:34:25.980593,,625.45
2023-07-11 10:34:26.980300,,625.35
2023-07-11 10:34:27.598835,,625.45
2023-07-11 10:34:27.999752,,625.4
2023-07-11 10:34:29.397567,,625.45
2023-07-11 10:34:32.984493,,625.25
2023-07-11 10:34:33.596937,,625.4
2023-07-11 10:34:33.985747,,625.25
2023-07-11 10:34:34.595067,,625.4
2023-07-11 10:34:34.991867,,625.25
2023-07-11 10:34:35.600722,,625.4
2023-07-11 10:34:35.985948,,625.25
2023-07-11 10:34:37.794861,,625.35
2023-07-11 10:34:37.984746,,625.4
2023-07-11 10:34:38.604668,,625.25
2023-07-11 10:34:39.602463,,625.2
2023-07-11 10:34:40.618524,,625.25
2023-07-11 10:34:40.993870,,625.35
2023-07-11 10:34:43.200322,,625.2
2023-07-11 10:34:44.201201,,625.4
2023-07-11 10:34:45.004297,,625.35
2023-07-11 10:34:45.201483,,625.3
2023-07-11 10:34:45.987807,,625.4
2023-07-11 10:34:46.988091,,625.45
2023-07-11 10:34:47.988000,,625.35
2023-07-11 10:34:48.201882,,625.45
2023-07-11 10:34:49.988205,,625.4
2023-07-11 10:34:50.990016,,625.25
2023-07-11 10:34:51.403350,,625.3
2023-07-11 10:34:51.992197,,625.45
2023-07-11 10:34:53.408948,,625.35
2023-07-11 10:34:55.994451,,625.45
2023-07-11 10:34:56.604083,,625.35
2023-07-11 10:34:57.207246,,625.45
2023-07-11 10:34:58.608228,,625.35
2023-07-11 10:34:59.208314,,625.45
2023-07-11 10:35:00.208591,,625.3
2023-07-11 10:35:00.988568,,625.45
2023-07-11 10:35:01.990948,,625.3
2023-07-11 10:35:02.608567,,625.45
2023-07-11 10:35:06.992854,,625.5
2023-07-11 10:35:07.410594,,625.45
2023-07-11 10:35:08.990368,,625.55
2023-07-11 10:35:09.989751,,625.5
2023-07-11 10:35:10.991472,,625.55
2023-07-11 10:35:12.214053,,625.5
2023-07-11 10:35:12.999467,,625.7
2023-07-11 10:35:13.216335,,625.5
2023-07-11 10:35:14.001365,,625.55
2023-07-11 10:35:15.419842,,625.8
2023-07-11 10:35:17.819708,,625.7
2023-07-11 10:35:18.817293,,625.75
2023-07-11 10:35:18.994183,,625.7
2023-07-11 10:35:19.827681,,625.85
2023-07-11 10:34:43.200322,,625.2
2023-07-11 10:34:44.201201,,625.4
2023-07-11 10:34:45.004297,,625.35
2023-07-11 10:34:45.201483,,625.3
2023-07-11 10:34:45.987807,,625.4
2023-07-11 10:34:46.988091,,625.45
2023-07-11 10:34:47.988000,,625.35
2023-07-11 10:34:48.201882,,625.45
2023-07-11 10:34:49.988205,,625.4
2023-07-11 10:34:50.990016,,625.25
2023-07-11 10:34:51.403350,,625.3
2023-07-11 10:34:51.992197,,625.45
2023-07-11 10:34:53.408948,,625.35
2023-07-11 10:34:55.994451,,625.45
2023-07-11 10:34:56.604083,,625.35
2023-07-11 10:34:57.207246,,625.45
2023-07-11 10:34:58.608228,,625.35
2023-07-11 10:34:59.208314,,625.45
2023-07-11 10:35:00.208591,,625.3
2023-07-11 10:35:00.988568,,625.45
2023-07-11 10:35:01.990948,,625.3
2023-07-11 10:35:02.608567,,625.45
2023-07-11 10:35:06.992854,,625.5
2023-07-11 10:35:07.410594,,625.45
2023-07-11 10:35:08.990368,,625.55
2023-07-11 10:35:09.989751,,625.5
2023-07-11 10:35:10.991472,,625.55
2023-07-11 10:35:12.214053,,625.5
2023-07-11 10:35:12.999467,,625.7
2023-07-11 10:35:13.216335,,625.5
2023-07-11 10:35:14.001365,,625.55
2023-07-11 10:35:15.419842,,625.8
2023-07-11 10:35:17.819708,,625.7
2023-07-11 10:35:18.817293,,625.75
2023-07-11 10:35:18.994183,,625.7
2023-07-11 10:35:19.827681,,625.85
2023-07-11 10:35:20.996252,,625.75
2023-07-11 10:35:21.995808,,626.15
2023-07-11 10:35:22.999668,,625.8
2023-07-11 10:35:23.996203,,625.75
2023-07-11 10:35:24.018238,,625.8
2023-07-11 10:35:25.224589,,625.75
2023-07-11 10:35:25.996111,,625.8
2023-07-11 10:35:27.620106,,626.05
2023-07-11 10:35:28.622484,,625.8
2023-07-11 10:35:28.997255,,625.95
2023-07-11 10:35:29.623864,,625.85
2023-07-11 10:35:30.018127,,626.05
2023-07-11 10:35:30.826627,,626.1
2023-07-11 10:35:30.998521,,625.8
2023-07-11 10:35:31.821058,,626.05
2023-07-11 10:35:31.997951,,626.0
2023-07-11 10:35:32.825208,,626.1
2023-07-11 10:35:32.996104,,626.15
2023-07-11 10:35:34.061885,,626.05
2023-07-11 10:35:34.998953,,625.8
2023-07-11 10:35:36.009324,,626.05
2023-07-11 10:35:36.996334,,626.1
2023-07-11 10:35:38.030023,,625.95
2023-07-11 10:35:39.004801,,626.0
2023-07-11 10:35:40.003182,,625.95
2023-07-11 10:35:41.006406,,626.1
2023-07-11 10:35:41.997389,,626.15
2023-07-11 10:35:43.001759,,626.0
2023-07-11 10:35:44.000142,,626.05
2023-07-11 10:35:45.006169,,626.0
2023-07-11 10:35:45.433905,,626.05
2023-07-11 10:35:46.008550,,626.2
2023-07-11 10:35:46.628211,,626.15
2023-07-11 10:35:47.631781,,626.2
2023-07-11 10:35:48.005550,,626.25
2023-07-11 10:35:49.002684,,626.35
2023-07-11 10:35:50.005509,,626.3
2023-07-11 10:35:50.639025,,626.35
2023-07-11 10:35:51.001801,,626.4
2023-07-11 10:35:53.000138,,626.35
2023-07-11 10:35:55.001854,,626.35
2023-07-11 10:35:56.005995,,626.2
2023-07-11 10:35:56.233878,,626.3
2023-07-11 10:35:57.001144,,626.2
2023-07-11 10:35:57.436780,,626.3
2023-07-11 10:35:58.050400,,626.25
2023-07-11 10:35:58.435162,,626.3
2023-07-11 10:35:59.006259,,626.25
2023-07-11 10:35:59.637869,,626.3
2023-07-11 10:36:00.007639,,626.45
2023-07-11 10:36:00.637250,,626.25
2023-07-11 10:36:01.258864,,626.45
2023-07-11 10:36:02.006402,,626.25
2023-07-11 10:36:03.836860,,626.35
2023-07-11 10:36:04.837164,,626.2
2023-07-11 10:36:05.839974,,626.4
2023-07-11 10:36:06.847809,,626.35
2023-07-11 10:36:08.005152,,626.15
2023-07-11 10:36:08.839505,,626.2
2023-07-11 10:36:09.004404,,626.35
2023-07-11 10:36:09.662174,,626.4
2023-07-11 10:36:10.459581,,626.45
2023-07-11 10:36:11.007242,,626.4
2023-07-11 10:36:11.452661,,626.35
2023-07-11 10:36:12.006319,,626.4
2023-07-11 10:36:13.004907,,626.35
2023-07-11 10:36:13.645753,,626.25
2023-07-11 10:36:14.009527,,626.2
2023-07-11 10:36:15.005909,,626.25
2023-07-11 10:36:15.847246,,626.2
2023-07-11 10:36:17.256184,,626.1
2023-07-11 10:36:18.446274,,626.05
2023-07-11 10:36:19.654157,,626.25
2023-07-11 10:36:20.010247,,626.1
2023-07-11 10:36:19.654157,,626.25
2023-07-11 10:36:20.010247,,626.1
2023-07-11 10:36:20.655880,,626.2
2023-07-11 10:36:23.007077,,626.05
2023-07-11 10:36:24.007436,,626.15
